Grzesznicy Wiki,http://grzesznicy.fandom.com/pl/
Convergence Wiki,http://convergence-universe.fandom.com/
The Evolution Of A Goblin To The Peak Wiki,http://the-evolution-of-a-goblin-to-the-peak.fandom.com/
Save The Bees! Simulator Wiki,http://save-the-bees-simulator.fandom.com/
Enemy defenders of the world Wiki,http://enemy-defenders-of-the-world.fandom.com/
Wiki Azure mines en español,http://azuremines.fandom.com/es/
The Apparition Dangerous Elevator Roblox Wiki,http://the-apparition-dangerous-elevator-roblox.fandom.com/
Atlantech Wiki,http://atlantech.fandom.com/
Maika Fantasia Wiki,http://maika-fantasia.fandom.com/
Wiki Le Destin de Petit Coyote,http://le-destin-de-petit-coyote.fandom.com/fr/
Object Players Official Wiki,http://object-players-official.fandom.com/
Work At A Pizza Place Roblox Wiki,http://work-at-a-pizza-place-roblox.fandom.com/
Warfare Wiki,http://pre-warfare.fandom.com/
Dancers in the Neon Dusk Wiki,http://dancers-in-the-neon-dusk.fandom.com/
Shadowrun-Penzance Wiki,http://shadowrun-penzance.fandom.com/
Tissues Beyond Easy Towers Wiki,http://tissues-beyond-easy-towers.fandom.com/
Food in Video Games Wiki,http://videogamefood.fandom.com/
Incindiar Chronicles Wiki,http://incindiar-chronicles.fandom.com/
Crafty's Crafting Corner Wiki,http://argentcraft.fandom.com/
ArtWing Wiki,http://dragonswholikeart.fandom.com/
Girls Und Panzer AU Wiki,http://girls-und-panzer-au.fandom.com/
Incredible Ant Wiki,http://incredible-ant.fandom.com/
Pilot Media Wiki,http://pilot-media.fandom.com/
Roblox One piece: Last pirates Wiki,http://roblox-one-piece-last-pirates.fandom.com/
Wiki RouilleRP,http://rouillerp.fandom.com/fr/
Wiki Les Tuniques Bleues,http://les-tuniques-bleues.fandom.com/fr/
Bayonetta and God of War: Universe Collide Wiki,http://bayonetta-and-god-of-war-universe-collide.fandom.com/
JusticeForLucyMay Wiki,http://justiceforlucymay.fandom.com/
Wiki Hogwarts Mistery: Las Bóvedas Malditas,http://hogwarts-mistery-las-bovedas-malditas.fandom.com/es/
Warriors: Poison Berries Wiki,http://warriors-poison-berries.fandom.com/
Tui T. Sutherland Wiki,http://tuitsutherland.fandom.com/
ğ’•ğ’‰ğ’† ğ’˜ğ’‰ğ’Šğ’ğ’”ğ’Šğ’„ğ’‚ğ’ ğ’„ğ’Šğ’•ğ’š Wiki,http://thewhimsicalcity.fandom.com/
Тачки Фан-База вики,http://tachki-fanbaza.fandom.com/ru/
Allenfor Wiki,http://allenfor.fandom.com/pl/
Year Hare Affair Wiki,http://year-hare-affair.fandom.com/
Ruidys Wacky Funk Wiki,http://ruidys-wacky-funk.fandom.com/
Inkano Wiki,http://inkano.fandom.com/
Wiki Elwood City,http://elwoodcity.fandom.com/fr/
Record of Ragnarok Fanon Wiki,http://record-of-ragnarok-fanon.fandom.com/
Isle of Maeges Wiki,http://isle-of-maeges.fandom.com/
Wiki Destin: La Saga des Winx,http://destin-la-saga-des-winx.fandom.com/fr/
Wiki Les Revers du Destin,http://les-revers-du-destin.fandom.com/fr/
Virus fighting! Wiki,http://virus-fighting.fandom.com/
Disabled Characters Wiki,http://disabledcharacters.fandom.com/
Wiki Triskel,http://triskel.fandom.com/fr/
Wiki Elite Assasins: The Underworld,http://elite-assasins-the-underworld.fandom.com/es/
Warrior Wiki,http://warrior.fandom.com/
Sport Wiki,http://all-sport.fandom.com/
About the Movement of the Earth Wiki,http://about-the-movement-of-the-earth.fandom.com/
Valkyrie Illustration Wiki,http://valkyrie-illustration.fandom.com/